{"cameraMode":{"drawMode":0,"name":"Shaded","section":"Shading Mode"},"sceneLighting":false,"audioPlay":false,"sceneViewState":{"showFog":false,"showMaterialUpdate":false,"showSkybox":false,"showFlares":false,"showImageEffects":false,"showParticleSystems":false},"in2DMode":false,"pivot":{"x":0.05432862043380737,"y":0.17379283905029298,"z":-0.14275771379470826},"rotation":{"x":-0.6709821224212647,"y":-0.021121898666024209,"z":0.019128045067191125,"w":-0.7409257888793945},"size":5.376344680786133,"orthographic":false}