{"cameraMode":{"drawMode":0,"name":"Shaded","section":"Shading Mode"},"sceneLighting":false,"audioPlay":false,"sceneViewState":{"showFog":false,"showMaterialUpdate":false,"showSkybox":false,"showFlares":false,"showImageEffects":false,"showParticleSystems":false},"in2DMode":false,"pivot":{"x":2.863196611404419,"y":1.0354118347167969,"z":1.0232683420181275},"rotation":{"x":-0.44215908646583559,"y":-0.4127627909183502,"z":0.24040545523166657,"w":-0.7591622471809387},"size":6.876345634460449,"orthographic":false}