{"cameraMode":{"drawMode":0,"name":"Shaded","section":"Shading Mode"},"sceneLighting":false,"audioPlay":false,"sceneViewState":{"showFog":false,"showMaterialUpdate":false,"showSkybox":false,"showFlares":false,"showImageEffects":false,"showParticleSystems":false},"in2DMode":false,"pivot":{"x":0.18299998342990876,"y":2.1258859634399416,"z":0.6600000262260437},"rotation":{"x":-0.30618375539779665,"y":-0.483445942401886,"z":0.18528959155082704,"w":-0.7988738417625427},"size":2.3371832370758058,"orthographic":false}