{"cameraMode":{"drawMode":0,"name":"Shaded","section":"Shading Mode"},"sceneLighting":false,"audioPlay":false,"sceneViewState":{"showFog":false,"showMaterialUpdate":false,"showSkybox":false,"showFlares":false,"showImageEffects":false,"showParticleSystems":false},"in2DMode":false,"pivot":{"x":0.6452497243881226,"y":0.7864258289337158,"z":14.79871940612793},"rotation":{"x":-0.041950758546590808,"y":0.03806937858462334,"z":0.0016007765661925078,"w":0.9983928799629211},"size":7.523062705993652,"orthographic":false}