{"cameraMode":{"drawMode":0,"name":"Shaded","section":"Shading Mode"},"sceneLighting":false,"audioPlay":false,"sceneViewState":{"showFog":false,"showMaterialUpdate":false,"showSkybox":false,"showFlares":false,"showImageEffects":false,"showParticleSystems":false},"in2DMode":false,"pivot":{"x":-0.018902475014328958,"y":-2.693638801574707,"z":7.7198004722595219},"rotation":{"x":-0.6964207887649536,"y":0.0010762272868305445,"z":-0.0010445298394188285,"w":-0.7176321744918823},"size":6.170289993286133,"orthographic":false}