{"cameraMode":{"drawMode":0,"name":"Shaded","section":"Shading Mode"},"sceneLighting":false,"audioPlay":false,"sceneViewState":{"showFog":false,"showMaterialUpdate":false,"showSkybox":false,"showFlares":false,"showImageEffects":false,"showParticleSystems":false},"in2DMode":false,"pivot":{"x":0.05900000035762787,"y":0.0,"z":1.1100000143051148},"rotation":{"x":-0.632524847984314,"y":0.011617009527981282,"z":-0.009488695301115513,"w":-0.7743948698043823},"size":28.649723052978517,"orthographic":false}