{"cameraMode":{"drawMode":0,"name":"Shaded","section":"Shading Mode"},"sceneLighting":false,"audioPlay":false,"sceneViewState":{"showFog":false,"showMaterialUpdate":false,"showSkybox":false,"showFlares":false,"showImageEffects":false,"showParticleSystems":false},"in2DMode":false,"pivot":{"x":-0.09883832931518555,"y":-0.7115504741668701,"z":0.9999447464942932},"rotation":{"x":-0.31932371854782107,"y":-0.6331348419189453,"z":0.3224077820777893,"w":-0.6270772814750671},"size":5.516639709472656,"orthographic":false}