{"cameraMode":{"drawMode":0,"name":"Shaded","section":"Shading Mode"},"sceneLighting":true,"audioPlay":false,"sceneViewState":{"showFog":false,"showMaterialUpdate":false,"showSkybox":false,"showFlares":false,"showImageEffects":false,"showParticleSystems":false},"in2DMode":false,"pivot":{"x":1.9043405055999756,"y":3.687370538711548,"z":-4.069099426269531},"rotation":{"x":0.09790672361850739,"y":0.027455417439341546,"z":0.0027017369866371156,"w":-0.9948131442070007},"size":5.159255027770996,"orthographic":false}