{"cameraMode":{"drawMode":0,"name":"Shaded","section":"Shading Mode"},"sceneLighting":false,"audioPlay":false,"sceneViewState":{"showFog":false,"showMaterialUpdate":false,"showSkybox":false,"showFlares":false,"showImageEffects":false,"showParticleSystems":false},"in2DMode":false,"pivot":{"x":-0.044531017541885379,"y":0.012012600898742676,"z":0.06927183270454407},"rotation":{"x":-0.23794442415237428,"y":-0.3299136459827423,"z":0.08631742745637894,"w":-0.9094442129135132},"size":8.285323143005371,"orthographic":false}