{"cameraMode":{"drawMode":0,"name":"Shaded","section":"Shading Mode"},"sceneLighting":true,"audioPlay":false,"sceneViewState":{"showFog":false,"showMaterialUpdate":false,"showSkybox":false,"showFlares":false,"showImageEffects":false,"showParticleSystems":false},"in2DMode":false,"pivot":{"x":-0.18197309970855714,"y":-1.5714874267578126,"z":5.789869785308838},"rotation":{"x":-0.7075333595275879,"y":-0.000851730233989656,"z":0.0008516565430909395,"w":-0.7066790461540222},"size":21.049890518188478,"orthographic":false}