{"cameraMode":{"drawMode":0,"name":"Shaded","section":"Shading Mode"},"sceneLighting":false,"audioPlay":false,"sceneViewState":{"showFog":false,"showMaterialUpdate":false,"showSkybox":false,"showFlares":false,"showImageEffects":false,"showParticleSystems":false},"in2DMode":false,"pivot":{"x":0.047949906438589099,"y":-0.006225109100341797,"z":-3.116286039352417},"rotation":{"x":0.6806309819221497,"y":0.05738047510385513,"z":-0.053615521639585498,"w":0.7284053564071655},"size":3.5334529876708986,"orthographic":false}