{"cameraMode":{"drawMode":0,"name":"Shaded","section":"Shading Mode"},"sceneLighting":false,"audioPlay":false,"sceneViewState":{"showFog":false,"showMaterialUpdate":false,"showSkybox":false,"showFlares":false,"showImageEffects":false,"showParticleSystems":false},"in2DMode":false,"pivot":{"x":0.31426453590393069,"y":-0.01411747932434082,"z":2.5984604358673097},"rotation":{"x":-0.30618375539779665,"y":-0.483445942401886,"z":0.18528959155082704,"w":-0.7988738417625427},"size":3.995680570602417,"orthographic":false}