{"cameraMode":{"drawMode":0,"name":"Shaded","section":"Shading Mode"},"sceneLighting":true,"audioPlay":false,"sceneViewState":{"showFog":false,"showMaterialUpdate":false,"showSkybox":false,"showFlares":false,"showImageEffects":false,"showParticleSystems":false},"in2DMode":false,"pivot":{"x":-2.1028645038604738,"y":-9.540668487548829,"z":4.191280364990234},"rotation":{"x":-0.7011456489562988,"y":0.00021020711574237794,"z":-0.00020739428873639554,"w":-0.7130181193351746},"size":10.699406623840332,"orthographic":false}