{"cameraMode":{"drawMode":0,"name":"Shaded","section":"Shading Mode"},"sceneLighting":true,"audioPlay":false,"sceneViewState":{"showFog":false,"showMaterialUpdate":false,"showSkybox":false,"showFlares":false,"showImageEffects":false,"showParticleSystems":false},"in2DMode":false,"pivot":{"x":-0.5242787003517151,"y":0.4722634553909302,"z":7.347585678100586},"rotation":{"x":-0.21502989530563355,"y":-0.3775089383125305,"z":0.09058427810668946,"w":-0.8961271047592163},"size":1.9778029918670655,"orthographic":false}